{"cameraMode":{"drawMode":0,"name":"Shaded","section":"Shading Mode"},"sceneLighting":false,"audioPlay":false,"sceneViewState":{"showFog":false,"showMaterialUpdate":false,"showSkybox":false,"showFlares":false,"showImageEffects":false,"showParticleSystems":false},"in2DMode":false,"pivot":{"x":-1.5049999952316285,"y":0.0,"z":-3.4639999866485597},"rotation":{"x":-0.21599732339382173,"y":0.029874809086322786,"z":-0.00658817496150732,"w":-0.9759436845779419},"size":0.3199480473995209,"orthographic":false}