{"cameraMode":{"drawMode":0,"name":"Shaded","section":"Shading Mode"},"sceneLighting":true,"audioPlay":false,"sceneViewState":{"showFog":false,"showMaterialUpdate":false,"showSkybox":false,"showFlares":false,"showImageEffects":false,"showParticleSystems":false},"in2DMode":false,"pivot":{"x":-0.038908183574676517,"y":0.770451545715332,"z":0.21288537979125977},"rotation":{"x":-0.13180260360240937,"y":-0.04251478612422943,"z":0.005658089183270931,"w":-0.9903482794761658},"size":4.457365036010742,"orthographic":false}